Regex,Pattern Length,# of DFA States,NFA Construction Time,"Contains EDA (0 if no, 1 if yes)",EDA Analysis Time (0 if not executed),"Contains IDA (0 if no, 1 if yes)",IDA Analysis Time (0 if not executed)," Timeout (EDA = 1, IDA = 2, none = 0)","Vulnerable? (EDA, IDA or Timeout)", ,Registered <--,,n=200,,,Regex,Pattern Length,# of DFA States,NFA Construction Time,"Contains EDA (0 if no, 1 if yes)",EDA Analysis Time (0 if not executed),"Contains IDA (0 if no, 1 if yes)",IDA Analysis Time (0 if not executed)," Timeout (EDA = 1, IDA = 2, none = 0)","Vulnerable? (EDA, IDA or Timeout)"
/^(3C|3E|3A|22|7C|3F|2A|5C)/iR,30,31,138,0,53,0,226,0,,,Total EDA,Total IDA,Total Vulnerable, ,,/[^\r -~\n]{4}/,15,16,160,0,46,0,23,0,
/\/\d{8}\/al\.zip/i,19,20,14,0,14,0,30,0,,,0,4,4,Number,,/^EXPN[^\n]{255}/smi,20,21,90,0,229,0,435,0,
/\/\d{8}\/ap\.zip/i,19,20,7,0,11,0,16,0,,,0%,2%,2%,Percentage,,/^.{27}/R,9,10,2,0,9,0,20,0,
/\/stat_svc\/$/,15,16,3,0,5,0,5,0,,,,,,,,/^DELE\s+-\d/smi,16,17,5,0,2,0,8,0,
/POST\s\/[A-F0-9]{42}\s/,24,25,12,0,25,0,50,0,,,,,,,,/^TOP\s[^\n]{50}/smi,20,21,4,0,15,0,42,0,
/[a-z0-9]{32}\.jar/,19,20,4,0,10,0,31,0,,,,,,,,/^COPY[^s]{432}/sm,18,19,63,0,183,0,1082,0,
"/id=\d{6,10}/",13,14,2,0,8,0,20,0,,,Community -->,,n=200,,,/^USER\s[^\n]{49}/smi,21,22,4,0,6,0,25,0,
/source=(%5c|%2f){2}.*&alias=/i,31,32,5,0,11,0,36,0,,,Total EDA,Total IDA,Total Vulnerable, ,,/^.{27}/R,9,10,1,0,4,0,9,0,
/setup=[a-z]\&s=\d\&r=\d{5}$/i,30,31,5,0,9,0,11,0,,,0,3,3,Number,,/^.{4}/R,8,9,1,0,1,0,3,0,
/j_password=(welcome1|weblogic|admin)/,38,39,6,0,10,0,15,0,,,0%,1.5%,1.5%,Percentage,,/^.{4}/R,8,9,0,0,1,0,1,0,
/^\/ABs[A-Za-z0-9]+$/,21,22,2,0,3,0,7,0,,,,,,,,/^.{4}/R,8,9,0,0,0,0,1,0,
/TMlogonEncrypted=(\!|\%21)CRYPT(\!|\%21)[A-Z0-9]{512}/i,56,57,200,0,323,0,1759,0,,,,,,,,/^\/\d+\.ld$/,13,14,2,0,2,0,3,0,
"/hwehes[a-z0-9]{15,22}hwehes/smi",32,33,2,0,14,0,154,0,,,Vulnerable Regex and Graph: ^URL\x3b\w+\x3amailto\x3a[^\n]*%[^\n]*\.(cmd|bat),,,,,/^.{27}/R,9,10,2,0,1,0,2,0,
/page=(messages|community)/i,28,29,2,0,3,0,5,0,,,Length,Execution time(ms),,,,/^.{4}/R,8,9,0,0,0,0,1,0,
/\/pdfx\.html$/,15,16,1,0,2,0,3,0,,,506,5.5,,,,/^.{4}/R,8,9,0,0,0,0,1,0,
/(var jquery_datepicker=)|(jquery_datepicker.replace)/,54,55,5,0,3,0,7,0,,,718,7,,,,/^USER\s+y049575046/smi,23,24,3,0,2,0,7,0,
/ver=\S{2}\s(XP|2000|2003|Vista)/i,34,35,3,0,4,0,14,0,,,879,8.7,,,,/^\/\d+\/\d\.zip$/,18,19,2,0,1,0,3,0,
/\/[a-z]{2}\/testcon.php$/,26,27,2,0,2,0,4,0,,,1459,20,,,,/^.{27}/R,9,10,1,0,4,0,16,0,
/^HEAD[^s]{432}/sm,18,19,77,0,222,0,1074,0,,,2415,60,,,,/^.{27}/R,9,10,1,0,0,0,1,0,
/u=[\dA-Fa-f]{8}/smi,20,21,1,0,4,0,3,0,,,3900,80,,,,/^Argument\s+\//smi,19,20,1,0,2,0,4,0,
/(insertBefore|insertAfter|appendChild)\(\s*NULL\s*\)/sm,56,57,3,0,2,0,10,0,,,5012,100,,,,/\/flupdate\/\d\.html/i,23,24,3,0,2,0,3,0,
/\/F[^\/>]+\.(exe|dll|swf)/smi,30,31,1,0,2,0,49,0,,,10667,830,,,,/[^\r -~\n]{4}/,15,16,1,0,2,0,4,0,
/\/fnts\.html$/,15,16,1,0,1,0,1,0,,,21055,2588.9624,,,,"/&itwm=([a-z0-9\-\=]{1,50})/i",29,30,8,0,19,0,160,0,
/^HELP\s[^\n]{500}/ism,22,23,64,0,197,0,1482,0,,,,,,,,/(%23|#)(submit|validate|access_callback|pre_render|post_render|lazy_builder|%6c%61%7a%79%5f%62%75%69%6c%64%65%72)/i,116,117,10,0,9,0,43,0,
"/^\s*MAIL\s+[^\s\n][^\n]{1006,}/smi",35,36,0,0,0,0,0,2,FALSE,,,,,,,/^rcpt to\:\s*decode/smi,24,25,3,0,2,0,3,0,
/^PASS\s+[^\n]{100}/smi,23,24,0,0,0,0,0,1,,,,,,,,/^.{27}/R,9,10,1,0,7,0,15,0,
/^.{8}[^\s]+(\s+[^\s]+){49}/smOR,32,33,36,0,50,0,804,0,,,,,,,,/\/muieblackcat$/i,18,19,2,0,1,0,2,0,
/Windows\s+Directory\s+Flooded/smi,34,35,6,0,3,0,7,0,,,,,,,,/^.{27}/R,9,10,1,0,5,0,12,0,
/EnteredAttrName=[^&]{32}/i,27,28,4,0,8,0,26,0,,,,,,,,/\sFETCH\s[^\n]{256}/smi,24,25,37,0,74,0,335,0,
"/^t=(-|\d{1,6}\s-)/smi",22,23,1,0,4,0,12,0,,,,,,,,/forum=.*'/,11,12,0,0,0,0,3,0,
/(ExportAsBitmapFile|ExportAsEMFFile|SaveMemory2|SaveTemplateToFile|SaveToXdgFile|Write)/i,90,91,10,0,9,0,61,0,,,,,,,,/^.{4}/R,8,9,0,0,0,0,2,0,
/filename=[a-z]+\.jat/,22,23,1,0,2,0,3,0,,,,,,,,/[^\r -~\n]{4}/,15,16,0,0,1,0,2,0,
/insert\s+into\s+[^\/\\]+/i,27,28,1,0,2,1,563,0,yes(confirmed),,,,,,,/^TRACE[^s]{432}/sm,19,20,60,0,252,0,1544,0,
"/(#\d{1,2}){20}/",16,17,24,0,126,0,254,0,,,,,,,,/[^\r -~\n]{4}/,15,16,0,0,0,0,0,0,
"/^\/\d{9,10}\/1\d{9}\.jar$/",27,28,5,0,13,0,33,0,,,,,,,,/^.{4}/R,8,9,0,0,1,0,2,0,
/\/([0-9][0-9a-z]{2}|[0-9a-z][0-9][0-9a-z]|[0-9a-z]{2}[0-9])\.jar$/,67,68,5,0,8,0,50,0,,,,,,,,/^RETR[^\n]*shadow$/smi,23,24,1,0,2,0,12,0,
/(update|exec|insert|union)[^\/\\]*\/\*.*\*\//is,48,49,5,0,4,0,47,0,,,,,,,,/^.{4}/R,8,9,1,0,0,0,0,0,
/^SSH-[12]\.\d+/smi,19,20,1,0,4,0,7,0,,,,,,,,/^POST\s/smi,12,13,0,0,1,0,0,0,
/2x\/.*php/i,12,13,1,0,3,0,18,0,,,,,,,,/(exe|dll|scr|rar|ps1|bat)$/i,29,30,1,0,2,0,23,0,
"/^\/1[a-z]{0,13}[0-9]{0,12}[a-z][a-z0-9]{1,11}$/",48,49,0,0,0,0,0,2,,,,,,,,/^Username\:[^\n]{100}/smi,26,27,5,0,20,0,62,0,
"/^<!--\s+[\w]{52,}\s+-->\r\n/smi",32,33,7,0,19,0,57,0,,,,,,,,/^.{27}/R,9,10,1,0,3,0,11,0,
/^\/[a-f0-9]{8}\/[a-f0-9]{8}\/$/i,33,34,1,0,2,0,6,0,,,,,,,,/^.{27}/sR,10,11,1,0,1,0,1,0,
/id=[a-f0-9]{8}\-[a-f0-9]{4}\-[a-f0-9]{4}\-[a-f0-9]{4}\-[a-f0-9]{12}/i,70,71,2,0,7,0,22,0,,,,,,,,/\.png$/i,9,10,1,0,0,0,1,0,
/\/\d{2}\.html$/,16,17,1,0,2,0,3,0,,,,,,,,/^.{4}/R,8,9,0,0,2,0,2,0,
/^psswd((ok\*\-\*Password\s+OK\r\n)|(error\*\-\*Wrong\s+password\r\n))/smi,74,75,6,0,5,0,15,0,,,,,,,,/\sCREATE\s*\{/smi,18,19,0,0,1,0,3,0,
/\sLIST\s[^\n]{100}/smi,23,24,14,0,37,0,123,0,,,,,,,,/^.{27}/R,9,10,1,0,3,0,13,0,
/\/ddd\/[a-z]{2}.gif/i,22,23,1,0,1,0,3,0,,,,,,,,/^.{27}/R,9,10,2,0,1,0,3,0,
/^\/[0-9]{5}\.jar$/,19,20,2,0,2,0,5,0,,,,,,,,/^vrfy\s+decode/smi,19,20,1,0,1,0,3,0,
/^POST\s/smi,12,13,0,0,1,0,1,0,,,,,,,,/^.{27}/R,9,10,2,0,0,0,2,0,
/filename\s*=[^\n]*\.123/si,27,28,3,0,2,0,17,0,,,,,,,,/^.{27}/R,9,10,2,0,1,0,1,0,
/setup=[a-z]$/i,15,16,0,0,1,0,2,0,,,,,,,,/^.{4}/R,8,9,0,0,1,0,2,0,
/^o=[^\r\n]*%/smi,17,18,1,0,1,0,5,0,,,,,,,,/^APOP\s+USER\s[^\n]{256}/smi,29,30,35,0,97,0,421,0,
/^\/999$/,9,10,1,0,1,0,0,0,,,,,,,,/ps0=[A-F0-9]*&ps1=[A-F0-9]*&cs1=[A-F0-9]*&cs2=[A-F0-9]*&cs3=[A-F0-9]*/,71,72,3,0,3,0,8,0,
/IPHONE\d+.\d/s,15,16,1,0,2,0,11,0,,,,,,,,/^PWD\s.{190}/smi,17,18,17,0,53,0,244,0,
/actserver=[^&]{500}/i,22,23,233,0,584,0,2619,0,,,,,,,,/\/jovf\.html$/,15,16,1,0,1,0,1,0,
/licfile=[^&]{500}/i,20,21,147,0,291,0,2402,0,,,,,,,,/^.{4}/R,8,9,0,0,1,0,1,0,
/^.{27}/sR,10,11,1,0,2,0,11,0,,,,,,,,/^.{27}/R,9,10,1,0,2,0,8,0,
/^Username\:[^\n]{100}/smi,26,27,9,0,19,0,71,0,,,,,,,,/^\/[A-Z]{6}$/,14,15,1,0,1,0,1,0,
/(\/api2|\/en-us|\/gp|\/v1|\/v3|\/v4|\/wp-content|\/wp-includes)/i,66,67,5,0,8,0,193,0,,,,,,,,/POST\s\/[A-F0-9]{42}\s/,24,25,2,0,4,0,17,0,
"/isComponentInstalled\s*\([^,\)]{256}/smi",41,42,49,0,108,0,620,0,,,,,,,,/^CWD\s+~/smi,13,14,1,0,0,0,2,0,
/^DISK[A-z][0-9]/smi,20,21,0,0,1,0,1,0,,,,,,,,/^USER\s[^\n]{50}/smi,21,22,3,0,8,0,27,0,
/^chk=(Test|IP)$/,17,18,1,0,1,0,2,0,,,,,,,,/^SITE\s+CHMOD\s[^\n]{200}/smi,30,31,21,0,45,0,427,0,
/^\S+\s+(uid\s+|)search\s+charset\s*\{\s/smi,44,45,3,0,3,0,11,0,,,,,,,,"/\s{230,}\.htr/",15,16,37,0,74,0,297,0,
/^hello\/[0-9]\.[0-9]\/[0-9]{3}\/[0-9a-f]{8}-[0-9a-f]{4}-[0-9a-f]{4}-[0-9a-f]{4}-[0-9a-f]{12}/i,95,96,6,0,12,0,23,0,,,,,,,,/^GET[^s]{432}/sm,17,18,69,0,197,0,1549,0,
/\/[a-f0-9]{32}\/q\.php/,24,25,3,0,10,0,20,0,,,,,,,,/^.{4}/R,8,9,0,0,1,0,2,0,
/\&5=\d+\&6=\d+\&7=\d+\.\d+\&8=\d+/i,36,37,2,0,2,0,54,0,,,,,,,,/X-Forwarded-For:[^\n\r]{90}/smi,32,33,8,0,23,0,72,0,
/set\s+ansi_padding\s+off/smi,29,30,2,0,3,0,6,0,,,,,,,,/\.(do|jar)$/mi,15,16,0,0,0,0,2,0,
/\d+\.mp3$/,11,12,1,0,1,0,3,0,,,,,,,,/^.{4}/R,8,9,0,0,0,0,1,0,
/\/md[0-9]{8}\.[a-z]{3}/i,25,26,2,0,4,0,7,0,,,,,,,,/^.{4}/R,8,9,0,0,0,0,0,0,
/^DELETE[^s]{432}/sm,20,21,95,0,341,0,1829,0,,,,,,,,/^LOCK[^s]{432}/sm,18,19,73,0,197,0,1396,0,
/remoteP2P=[^&]{100}/i,22,23,10,0,16,0,59,0,,,,,,,,/^\/v1\/(queue|profile|docs\/wsdl|pull)/i,41,42,2,0,2,0,8,0,
/^\/[a-z0-9]+\/access\.log$/i,29,30,2,0,2,0,2,0,,,,,,,,/^POST[^s]{432}/sm,18,19,80,0,293,0,1531,0,
/Image=(parent|folder)$/i,25,26,2,0,1,0,4,0,,,,,,,,/^expn\s+root/smi,17,18,1,0,0,0,2,0,
/\/downloads\/kwc\/\w+\.(dll|exe|js)$/i,39,40,2,0,4,0,7,0,,,,,,,,/[^\r -~\n]{4}/,15,16,0,0,1,0,1,0,
/^\/blog\/[a-zA-Z0-9]{3}\.(g(3|e)d|mm|vru|be|nut)$/,51,52,1,0,2,0,16,0,,,,,,,,/^.{27}/R,9,10,0,0,3,0,8,0,
/id=\d+&count=\d+_\d+&TType=\d+&Enc=\d+&Hst=/,45,46,5,0,5,0,16,0,,,,,,,,/[^\r -~\n]{4}/,15,16,0,0,2,0,0,0,
"/0=\d+&1=\d&2=1&3=\d+&4=i&5=\d+&6=\d+&7=\d+&8=\S{0,16}&9=\d+&10=\S+&11=1111&12=\S{10}&14=\d/i",93,94,0,0,0,0,0,2,,,,,,,,/\.xpi$/i,9,10,0,0,1,0,0,0,
/^530\s+(Login|User)/smi,24,25,2,0,3,0,5,0,,,,,,,,/^.{4}/R,8,9,0,0,0,0,1,0,
/^TRACE[^s]{432}/sm,19,20,115,0,388,0,1791,0,,,,,,,,/^PORT/smi,10,11,0,0,1,0,0,0,
/(applet|testi)\.jnlp\sHTTP\/1\./,33,34,3,0,2,0,3,0,,,,,,,,"/uid=\d{1,5}\S+\s+gid=\d{1,5}/smi",33,34,1,0,3,0,42,0,
/(%22|%27).+\-oq.+-X.+(%22|%27)%40/smiG,39,40,0,0,0,0,0,2,,,,,,,,/[^\r -~\n]{4}/,15,16,1,0,0,0,1,0,
/^C2\s\d+/smi,13,14,0,0,1,0,2,0,,,,,,,,/^.{4}/R,8,9,0,0,0,0,1,0,
/id=[a-f\d]{8}(-[a-f\d]{4}){3}-[a-f\d]{12}/,43,44,3,0,7,0,22,0,,,,,,,,/\/[a-z0-9]\.exe$/i,19,20,0,0,1,0,1,0,
/\/modules\/\d\.jar$/,21,22,1,0,2,0,2,0,,,,,,,,/\sLIST\s[^\n]{100}/smi,23,24,6,0,16,0,73,0,
/\/[a-z0-9]\.exe$/i,19,20,0,0,1,0,1,0,,,,,,,,/^XEXCH50\s+-\d/smi,19,20,0,0,2,0,2,0,
/^.{27}/R,9,10,1,0,5,0,15,0,,,,,,,,/[^\n -~\r]{4}/,15,16,0,0,0,0,1,0,
/host=[^&]{1024}/i,18,19,0,0,0,0,0,2,,,,,,,,/\sLSUB\s[^\n]{100}/smi,23,24,8,0,23,0,74,0,
/^[A-Za-z0-9+\/]{194}==\d{2}/,29,30,29,0,99,0,469,0,,,,,,,,/^AUTHINFO\s+USER\s[^\n]{200}/smi,33,34,19,0,66,0,281,0,
/^SITE\s+EXEC/smi,17,18,1,0,2,0,6,0,,,,,,,,/[^ -~\r\n]{4}/,15,16,0,0,0,0,0,0,
/^\/[a-f0-9]{32}\/[0-9]$/i,26,27,3,0,9,0,26,0,,,,,,,,/[^\r -~\n]{4}/,15,16,0,0,0,0,0,0,
/(\nrcpt to:.*){256}/i,22,23,0,0,0,0,0,1,,,,,,,,"/\/www\/(%[A-F0-9]{2}){5,}\/00/",31,32,1,0,2,0,6,0,
/^ETRN\s[^\n]{500}/smi,22,23,157,0,463,0,2702,0,,,,,,,,/\/\d{8}\/\w{4}\/[A-F0-9]{4}\/[A-F0-9]{4}\/[A-Z0-9\-_~]{12}\.[aj]sp/i,69,70,2,0,4,0,16,0,
"/^m=[A-Z]{1,20}\s(\d{6,}|[7-9]\d{5,}|6[6-9]\d{3,}|65[6-9]\d{2,}|655[4-9]\d+|6553[6-9])/smi",90,91,5,0,39,0,1342,0,,,,,,,,/^.{4}/R,8,9,0,0,1,0,1,0,
"/(0\|)(.+\|)([0-9]{1,3}\.[0-9]{1,3}\.[0-9]{1,3}\.[0-9]{1,3})\|SpoolColorLV\|(4444)\|\|/",87,88,4,0,15,0,2057,0,,,,,,,,/\sPARTIAL.*BODY\.PEEK\[[^\]]{1024}/smi,39,40,0,0,0,0,0,1,
/.+\.(tor2web\.(io|fyi|me)|onion\.(nz|pet|sh|si|to|ws|in\.net))/R,65,66,5,0,22,0,2198,0,,,,,,,,/^expn\s+\*@/smi,16,17,1,0,1,0,4,0,
/(script|onload|src|alert)/i,28,29,2,0,1,0,7,0,,,,,,,,/^.{4}/R,8,9,0,0,1,0,0,0,
"/SYS\.LT\.FINDRICSET\([^,\)]*\'\'\|\|/si",40,41,3,0,3,0,18,0,,,,,,,,/\/[a-f0-9]{32}\/\w+\.bin/,26,27,2,0,4,0,13,0,
/poc\/(Exploit|myClassLoader|pocMain|runCmd)\.class/ims,55,56,4,0,4,0,11,0,,,,,,,,/^.{27}/R,9,10,0,0,3,0,9,0,
/(ExportAsBitmapFile|ExportAsEMFFile|ExportToBitmapFile|SaveDocument|SaveMemory2|SaveToXdgFile|Write)/i,103,104,10,0,9,0,97,0,,,,,,,,/agent_(win|lin|mac)_helper\.jar$/si,36,37,3,0,1,0,3,0,
/^\/\d+$/i,10,11,1,0,1,0,2,0,,,,,,,,/^vrfy\s+root/smi,17,18,0,0,2,0,2,0,
/[?&]sys(New|Confirm)Passwd=[^&]*?([\x60\x3b\x7c\x23]|[\x3c\x3e\x24]\x28)/i,75,76,0,0,68,0,169,,,DS1,,,,,,,0,22,0,0,0,0,0,0,
User\x2dAgent\x3a\s*[^\n]*Safari[^\n]*\r\n,42,43,0,0,,0,,2,Possible,,,,,,Doc LN 101-200B,/\sLIST\s[^\n]{100}/smi,23,24,92,0,126,0,98,0,
^URL\x3b\w+\x3amailto\x3a[^\n]*%[^\n]*\.(cmd|bat),49,50,0,0,14,1,8728,,Yes(confirmed),,,,,,,/\sRENAME\s[^\n]*?\s\{/smi,26,27,1,0,5,0,10,0,
/[?&]sys(New|Confirm)Passwd=[^&]*?%(25)?26/i,44,45,0,0,19,0,96,,,,,,,,,/\sCREATE\s*\{/smi,18,19,2,0,2,0,4,0,
outerhtml\s*?\+\=\s*?\x22,25,26,0,0,3,0,13,,,,,,,,,/^DELE\s+-\d/smi,16,17,3,0,2,0,5,0,
/[?&]device(Type|Udid)=[^&]*?[\x23\x24]\x7b/i,45,46,0,0,6,0,24,,,,,,,,,/^UIDL\s+-\d/smi,16,17,1,0,2,0,4,0,
\x2eexecCommand\s*\x28\s*[\x22\x27]\s*undo\s*[\x22\x27].*?\x2eexecCommand\s*\x28\s*[\x22\x27]\s*redo\s*[\x22\x27].*?\x2eexecCommand\s*\x28\s*[\x22\x27]\s*undo\s*[\x22\x27],171,172,0,0,,0,,2,Possible,,,,,,,/b2inc=(https?|ftps?|php)/i,27,28,4,0,3,0,9,0,
/[?&]value=[^&]*?\x28/i,23,24,0,0,10,0,16,,,,,,,,,/Server\x5bpath\x5d=(https?|ftps?|php)/,39,40,3,0,6,0,14,0,
/([\x27\x22\x3b\x23\x28]|\x2f\x2a|\x2d\x2d)/i,45,46,0,0,4,0,9,,,,,,,,,/admin_root=(https?|ftps?|php)/i,32,33,3,0,5,0,10,0,
/\x23application[^&]*?\x2e[^&]*?\x28/i,38,39,0,0,14,0,1139,,,,,,,,,/template=(https?|ftps?|php)/i,30,31,2,0,2,0,7,0,
\x2eexecCommand\s*\x28\s*[\x22\x27]\s*undo\s*[\x22\x27].*?\x2eexecCommand\s*\x28\s*[\x22\x27]\s*redo\s*[\x22\x27].*?\x2eexecCommand\s*\x28\s*[\x22\x27]\s*undo\s*[\x22\x27],171,172,0,0,,0,,2,Possible,,,,,,,/^USER\s[^\n]*?%[^\n]*?%/smi,28,29,0.1,0,2,1,367,0,Yes
"document\.execCommand\(\s*[\x22\x27]InsertUnorderedList[\x22\x27]\s*\)\s*\x3B.{0,250}\s*\w+\.swapNode\(\s*[A-Za-z\(\)\""\'\.\=\ ]{1,75}\s*\)\s*document\.execCommand\(\s*[\x22\x27]Undo[\x22\x27]\s*\)\s*\x3B",204,205,0,0,,0,,1,Possible,,,,,,,/^PASS\s[^\n]*?%[^\n]*?%/smi,28,29,1,0,5,1,337,0,Yes
/[?&]firmware=[^&]*?\x2e\x2e\x2f/i,34,35,0,0,8,0,41,,,,,,,,,/^\s*Content-Transfer-Encoding\s*\x3A[^\n]{100}/mi,50,51,7,0,18,0,65,0,
"document\.execCommand\(\s*[\x22\x27]InsertUnorderedList[\x22\x27]\s*\)\s*\x3B.{0,250}\s*\w+\.swapNode\(\s*[A-Za-z\(\)\""\'\.\=\ ]{1,75}\s*\)\s*document\.execCommand\(\s*[\x22\x27]Undo[\x22\x27]\s*\)\s*\x3B",204,205,0,0,,0,,2,Possible,,,,,,,/pm_path=(https?|ftps?|php)/i,29,30,0.1,0,2,0,3,0,
/(^|&)customerTID=[^&]*?([\x27\x22\x3b\x23\x28]|%(25)?(27|22|3b|23|28)|(\x2f|%(25)?2f)(\x2a|%(25)?2a)|(\x2d|%(25)?2d){2})/im,124,125,0,0,20,0,128,,,,,,,,FALSE,/^Authorization\x3a(\s*|\s*\r?\n\s+)Basic\s+YWRtaW46cGFzc3dvcmQ/smi,67,68,3,0,3,1,1129,0,No
"<path[^>]*\sd\s*=\s*[\x22\x27][^\x22\x27]*[\sMLC][-\s]{0,2}([0-9]{10}|[0-9]+e(0[7-9]|[1-9][0-9]))",97,98,0,0,,0,,2,Possible,,,,,,,/^USER\s+[^\n]*?%/smi,21,22,0.1,0,1,1,105,0,Yes
"<path[^>]*\sd\s*=\s*[\x22\x27][^\x22\x27]*[\sMLC][-\s]{0,2}([0-9]{10}|[0-9]+e(0[7-9]|[1-9][0-9]))",97,98,0,0,,0,,2,Possible,,,,,,,/^XEXCH50\s+-\d/smi,19,20,0.1,0,1,0,1,0,
"options\.add\x28.*?,\s*?(\-0x[a-f0-9]+?\s*?|-[0-9]{6,15}\s*?)\x29",65,66,0,0,36,0,1994,,,,,,,,,/^EXPN[^\n]{255}/smi,20,21,26,0,59,0,216,0,
/[?&]extendid=[^&]*?([\x27\x22\x3b\x23\x28]|\x2f\x2a|\x2d\x2d)/i,64,65,0,0,5,0,130,,,,,,,,,/^VRFY[^\n]{255}/smi,20,21,14,0,59,0,206,0,
^[^\x3E]*(width|height)\s*\x3D\s*(\x22|\x27)([3-9]\d{4}|\d{6}),62,63,0,0,190,0,3173,,,,,,,,,/^SEND FROM\x3a\s*[^\n]*?<[^\n]*?<[^\n]*?<[^\n]*?<[^\n]*?<[^\n]*?<[^\n]*?<[^\n]*?<[^\n]*?<[^\n]*?<[^\n]*?<[^\n]*?<[^\n]*?<[^\n]*?<[^\n]*?<[^\n]*?<[^\n]*?<[^\n]*?<[^\n]*?<[^\n]*?<[^\n]*?<[^\n]*?<[^\n]*?<[^\n]*?<[^\n]*?<[^\n]*?<[^\n]*?<[^\n]*?<[^\n]*?<[^\n]*?<[^\n]*?<[^\n]*?<[^\n]*?<[^\n]*?<[^\n]*?<[^\n]*?<[^\n]*?<[^\n]*?<[^\n]*?<[^\n]*?<[^\n]*?<[^\n]*?<[^\n]*?<[^\n]*?<[^\n]*?<[^\n]*?<[^\n]*?<[^\n]*?<[^\n]*?<[^\n]*?<[^\n]*?<[^\n]*?<[^\n]*?<[^\n]*?<[^\n]*?<[^\n]*?<[^\n]*?<[^\n]*?<[^\n]*?<[^\n]*?</smi,502,503,,0,,0,279,1,Yes (potentially)
/[?&](ipv6(\x5f|%(25)?5f)(lan|wan)(\x5f|%(25)?5f)(ipaddr|length))=[^&]*?%(25)?26/i,82,83,0,0,54,0,789,,,,,,,,,"/^SEND FROM\x3a\s+[\w\s@\.]{200,}\x3b[\w\s@\.]{200,}\x3b[\w\s@\.]{200}/smi",74,75,,0,,0,0,1,Yes (potentially)
"news\x3a\x2f\x2f.*?\x2f?(profile|search).*?\x2f.*?\x5c[^\s\x22\x27]{0,1}",72,73,0,0,,0,,2,Possible,,,,,,,/^SAML FROM\x3a\s*[^\n]*?<[^\n]*?<[^\n]*?<[^\n]*?<[^\n]*?<[^\n]*?<[^\n]*?<[^\n]*?<[^\n]*?<[^\n]*?<[^\n]*?<[^\n]*?<[^\n]*?<[^\n]*?<[^\n]*?<[^\n]*?<[^\n]*?<[^\n]*?<[^\n]*?<[^\n]*?<[^\n]*?<[^\n]*?<[^\n]*?<[^\n]*?<[^\n]*?<[^\n]*?<[^\n]*?<[^\n]*?<[^\n]*?<[^\n]*?<[^\n]*?<[^\n]*?<[^\n]*?<[^\n]*?<[^\n]*?<[^\n]*?<[^\n]*?<[^\n]*?<[^\n]*?<[^\n]*?<[^\n]*?<[^\n]*?<[^\n]*?<[^\n]*?<[^\n]*?<[^\n]*?<[^\n]*?<[^\n]*?<[^\n]*?<[^\n]*?<[^\n]*?<[^\n]*?<[^\n]*?<[^\n]*?<[^\n]*?<[^\n]*?<[^\n]*?<[^\n]*?<[^\n]*?<[^\n]*?</smi,502,503,,0,,0,0,1,Yes (potentially)
/[?&](ipv6_(lan|wan)_(ipaddr|length))=[^&]*?([\x60\x3b\x7c\x23\x0a]|[\x3c\x3e\x24]\x28)/i,89,90,0,0,23,0,147,,,,,,,,,"/^SAML FROM\x3a\s+[\w\s@\.]{200,}\x3b[\w\s@\.]{200,}\x3b[\w\s@\.]{200}/smi",74,75,,0,,0,0,1,Yes (potentially)
/\x24\x7b[^\x7d]*?javax?\x2e[^\x7d]*?\x28/i,43,44,0,0,20,0,5932,,,,,,,,,/^SOML FROM\x3a\s*[^\n]*?<[^\n]*?<[^\n]*?<[^\n]*?<[^\n]*?<[^\n]*?<[^\n]*?<[^\n]*?<[^\n]*?<[^\n]*?<[^\n]*?<[^\n]*?<[^\n]*?<[^\n]*?<[^\n]*?<[^\n]*?<[^\n]*?<[^\n]*?<[^\n]*?<[^\n]*?<[^\n]*?<[^\n]*?<[^\n]*?<[^\n]*?<[^\n]*?<[^\n]*?<[^\n]*?<[^\n]*?<[^\n]*?<[^\n]*?<[^\n]*?<[^\n]*?<[^\n]*?<[^\n]*?<[^\n]*?<[^\n]*?<[^\n]*?<[^\n]*?<[^\n]*?<[^\n]*?<[^\n]*?<[^\n]*?<[^\n]*?<[^\n]*?<[^\n]*?<[^\n]*?<[^\n]*?<[^\n]*?<[^\n]*?<[^\n]*?<[^\n]*?<[^\n]*?<[^\n]*?<[^\n]*?<[^\n]*?<[^\n]*?<[^\n]*?<[^\n]*?<[^\n]*?<[^\n]*?</smi,502,503,,0,,0,0,1,Yes (potentially)
InstallVersion\s*\x29?\s*\.\s*compareTo,39,40,0,0,12,1,173,,yes,,,,,,,"/^SOML FROM\x3a\s+[\w\s@\.]{200,}\x3b[\w\s@\.]{200,}\x3b[\w\s@\.]{200}/smi",74,75,,0,,0,0,1,Yes (potentially)
^\s*[^\x3e]*src\s*\x3d\s*[\x22\x27][^\x22\x27]*javascript\x3a,61,62,0,0,,0,,2,Possible,,,,,,,/^MAIL FROM\x3a\s*[^\n]*?<[^\n]*?<[^\n]*?<[^\n]*?<[^\n]*?<[^\n]*?<[^\n]*?<[^\n]*?<[^\n]*?<[^\n]*?<[^\n]*?<[^\n]*?<[^\n]*?<[^\n]*?<[^\n]*?<[^\n]*?<[^\n]*?<[^\n]*?<[^\n]*?<[^\n]*?<[^\n]*?<[^\n]*?<[^\n]*?<[^\n]*?<[^\n]*?<[^\n]*?<[^\n]*?<[^\n]*?<[^\n]*?<[^\n]*?<[^\n]*?<[^\n]*?<[^\n]*?<[^\n]*?<[^\n]*?<[^\n]*?<[^\n]*?<[^\n]*?<[^\n]*?<[^\n]*?<[^\n]*?<[^\n]*?<[^\n]*?<[^\n]*?<[^\n]*?<[^\n]*?<[^\n]*?<[^\n]*?<[^\n]*?<[^\n]*?<[^\n]*?<[^\n]*?<[^\n]*?<[^\n]*?<[^\n]*?<[^\n]*?<[^\n]*?<[^\n]*?<[^\n]*?<[^\n]*?</smi,502,503,,0,,0,0,1,Yes (potentially)
/[?&](data_gateway6|primaryDNS6?)=[^&]*?%(25)?26/i,50,51,0,0,19,0,218,,,,,,,,,"/^MAIL FROM\x3a\s+[\w\s@\.]{200,}\x3b[\w\s@\.]{200,}\x3b[\w\s@\.]{200}/smi",74,75,,0,,0,0,1,Yes (potentially)
/[?&](data_gateway6|primaryDNS6?)=[^&]*?([\x60\x3b\x7c\x23\x0a]|[\x3c\x3e\x24]\x28)/i,85,86,0,0,14,0,149,,,,,,,,,/^RCPT TO\x3a\s*[^\n]*?<[^\n]*?<[^\n]*?<[^\n]*?<[^\n]*?<[^\n]*?<[^\n]*?<[^\n]*?<[^\n]*?<[^\n]*?<[^\n]*?<[^\n]*?<[^\n]*?<[^\n]*?<[^\n]*?<[^\n]*?<[^\n]*?<[^\n]*?<[^\n]*?<[^\n]*?<[^\n]*?<[^\n]*?<[^\n]*?<[^\n]*?<[^\n]*?<[^\n]*?<[^\n]*?<[^\n]*?<[^\n]*?<[^\n]*?<[^\n]*?<[^\n]*?<[^\n]*?<[^\n]*?<[^\n]*?<[^\n]*?<[^\n]*?<[^\n]*?<[^\n]*?<[^\n]*?<[^\n]*?<[^\n]*?<[^\n]*?<[^\n]*?<[^\n]*?<[^\n]*?<[^\n]*?<[^\n]*?<[^\n]*?<[^\n]*?<[^\n]*?<[^\n]*?<[^\n]*?<[^\n]*?<[^\n]*?<[^\n]*?<[^\n]*?<[^\n]*?<[^\n]*?<[^\n]*?</smi,500,501,,0,,0,0,1,Yes (potentially)
"IDBKeyRange\x2e(only|lowerBound|upperBound|bound)\x28.*?\x29.{0,100}\x2e(lower|upper|lowerOpen|upperOpen)",105,106,0,0,,0,,1,Possible,,,,,,,"/^RCPT TO\x3a\s*[\w\s@\.]{200,}\x3b[\w\s@\.]{200,}\x3b[\w\s@\.]{200}/smi",72,73,,0,,0,0,1,Yes (potentially)
/filename\s*=\s*[^\r\n]*?(\x2e|%(25)?2e){2}([\x2f\x5c]|%(25)?(2f|5c))/i,71,72,0,0,,0,,2,"Yes, possibly",,,,,,,/^LIST\s+\x22-W\s+\d+/smi,25,26,,0,2,,9,0,
/\x24\x7b[^\x7d]*?atlassian\x2e[^\x7d]*?\x28/i,46,47,0,0,,0,,2,"Yes, possibly",,,,,,,/Content-Length\x3A\s*[2-9][0-9]{9}/i,37,38,,0,4,,14,0,
/\x24\x7b[^\x7d]*?sun\x2emisc\x2eUnsafe[^\x7d]*?\x28/i,54,55,0,0,,0,,2,"Yes, possibly",,,,,,,/GALLERY_BASEDIR=(https?|ftps?|php)/i,37,38,0,0,4,,22,0,
/\x24\x7b[^\x7d]*?com\x2eopensymphony\x2e(xwork2|webwork)\x2e(Servlet)?ActionContext[^\x7d]*?\x28/i,99,100,0,0,,0,,2,"Yes, possibly",,,,,,,/page=(https?|ftps?|php)/i,26,27,0,0,3,,11,0,
"IDBKeyRange\x2e(only|lowerBound|upperBound|bound)\x28.*?\x29.{0,100}\x2e(lower|upper|lowerOpen|upperOpen)",105,106,0,0,,0,,1,Possible,,,,,,,/^Argument\s+\//smi,19,20,0,0,2,,4,0,
"IDBKeyRange\x2e(only|lowerBound|upperBound|bound)\x28.*?\x29.{0,100}\x2e(lower|upper|lowerOpen|upperOpen)",105,106,0,0,,0,,1,Possible,,,,,,,/^Directory/smiR,16,17,0,0,1,,0,0,
/[?&]ddns(HostName|Username|Password)=[^&]*?%(25)?26/i,54,55,0,0,8,0,57,,,,,,,,,/^PASS\s[^\n]{49}/smi,21,22,0,0,32,,31,0,
/[?&]ddns(HostName|Username|Password)=[^&]*?([\x60\x3b\x7c\x23\x0a]|[\x3c\x3e\x24]\x28)/i,89,90,0,0,5,0,27,,,,,,,,,/^USER\s[^\n]{49}/smi,21,22,0,0,8,,37,0,
"\x2esetUserData\x28.{0,50}?\x7b[^\x7d]*?\x2eappendChild\x28",59,60,0,0,,0,,2,Possible,,,,,,,/^MKD\s[^\n]*?%[^\n]*?%/smi,27,28,0,0,2,,1298,2,Yes (potentially)
"\x2esetUserData\x28.{0,50}?\x7b[^\x7d]*?\x2eappendChild\x28",59,60,0,0,,0,,2,Possible,,,,,,,/^RENAME\s[^\n]*?%[^\n]*?%/smi,30,31,0,0,8,,1048,2,Yes (potentially)
/[?&]ping(\x5f|%(25)?5f)ipaddr=[^&]*?%(25)?26/i,47,48,0,0,6,0,64,,,,,,,,,/^USER\s+y049575046/smi,23,24,0,0,3,,13,0,
/[?&]ping_ipaddr=[^&]*?([\x60\x3b\x7c\x23\x0a]|[\x3c\x3e\x24]\x28)/i,68,69,0,0,2,0,17,,,,,,,,,/^RMD\s+\x2f$/smi,17,18,0,0,1,,6,0,
\.xpi$,6,7,0,0,0,0,1,,,,,,,,,filename=[^\n]*\x2ertf,22,29,0,0,48,,92,0,
\x2Eview\x2Eselection.*?\x2Etree\s*\x3D\s*null.*?\x2Einvalidate,63,64,0,0,,0,,2,,,,,,,,"\x2Fin\.cgi\?(\d{1,2}|default)$",31,31,0,0,55,,37,0,
/[?&]hdl=[^&]*?\x2e\x2e\x2f/i,29,30,0,0,2,0,15,,,,,,,,,/^XCWD(?!\n)\s[^\n]{100}/smi,28,29,0,0,124,,256,0,
"\x2Eview\x2Eselection.*?\x2ErangedSelect\x28\s*\d+,\s*(0x[a-f0-9]{7}|\d{8}).*?\x2eadjustSelection\x28\s*\d+\s*,\s*\d",116,117,0,0,,0,,2,,,,,,,,"\x2Fin\.cgi\?(\d{1,2}|default)$",31,29,0,0,1,,2,0,
"\x2Eview\x2Eselection.*?\x2ErangedSelect\x28\s*\d+,\s*(0x[a-f0-9]{7}|\d{8}).*?\x2eadjustSelection\x28\s*\d+\s*,\s*\d",116,117,0,0,,0,,2,,,,,,,,^[a-z]{5}\d=_\d_,16,29,0,0,21,,24,0,
/[?&]CERT=[^&]*?([\x27\x22\x3b\x23\x28]|\x2f\x2a|\x2d\x2d)/i,60,61,0,0,2,0,50,,,,,,,,,"/^[^\x3a\x3f]{11,}\x3a\x2f/smi",30,31,0,0,2,,6,0,
location\x2ehostname\s+=\s+[^\x3b]*?[\x00],42,43,0,0,2,1,472,,yes,,,,,,,/^.{27}/R,9,10,0,0,18,,29,0,
/[?&](q|s)=[^&]*?\x2e\x2e\x2f/i,31,32,0,0,2,0,15,,,,,,,,,/^.{27}/R,9,10,0,0,3,,1,0,
/[?&]pingIpAddress=[^&]*?([\x60\x3b\x7c\x23]|[\x3c\x3e\x24]\x28)/i,66,67,0,0,2,0,16,,,,,,,,,filename=[^\n]*\x2ezip,22,29,0,0,19,,59,0,
report-uri\s+(file|resource|chrome)\x3a\x2f\x2f,47,48,0,0,3,0,14,,,,,,,,,/^STOU\s[^\n]{200}/smi,22,23,0,0,109,,264,0,
report-uri\s+(file|resource|chrome)\x3a\x2f\x2f,47,48,0,0,3,0,14,,,,,,,,,filename=[^\n]*\x2ezip,22,29,0,0,1,,1,0,
/[?&]pingIpAddress=[^&]*?%(25)?26/i,35,36,0,0,4,0,48,,,,,,,,,filename=[^\n]*\x2eexe,22,29,0,0,12,,61,0,
report-uri\s+(file|resource|chrome)\x3a\x2f\x2f,47,48,0,0,3,0,14,,,,,,,,,/^(\x75|\x2d|\x2f|\x73|\xa2|\x2e|\x24|\x74)/sR,46,47,0,0,3,,150,0,
window\x2eopen\x28[^\x29]*?toolbar=yes[^)]*?width=[\d]{9}[^)]*?height=[\d]{9},77,78,0,0,,0,,2,,,,,,,,/^(\x75|\x2d|\x2f|\x73|\xa2|\x2e|\x24|\x74)/sR,46,47,0,0,0,,0,0,
/[?&]CERT=[^&]*?%(25)?26/i,26,27,0,0,3,0,38,,,,,,,,,/^.{27}/sR,10,11,0,0,7,,18,0,
/[?&]CERT=[^&]*?([\x60\x3b\x7c\x23\x0a]|[\x3c\x3e\x24]\x28)/i,61,62,0,0,1,0,15,,,,,,,,,/^(\x75|\x2d|\x2f|\x73|\xa2|\x2e|\x24|\x74)/sR,46,47,0,0,0,,0,0,
window\x2eopen\x28[^\x29]*?toolbar=yes[^)]*?width=[\d]{9}[^)]*?height=[\d]{9},77,78,0,0,,0,,2,,,,,,,,/^APOP\s+USER\s[^\n]{256}/smi,29,30,0,0,113,,301,0,
/[?&]from=[^&]*?([\x22\x27\x3c\x3e\x28\x29]|script|onload|src)/i,64,65,0,0,5,0,435,,,,,,,,DS3 start,/^DESCRIBE\s[^\n]{300}/smi,26,27,0,0,1513,,3055,0,
<EMBED[^\x3E]*?PLUGINSPAGE\s*=[\x22\x27][^\x3E]*?([\x60\x3b\x7c]|[\x3c\x3e\x24]\x28|%60|%3b|%7c|%26|%3c%28|%3e%28|%24%28),121,122,0,0,,0,,2,,,,,,,,/^MDTM \d+[-+]\D/smi,20,21,0,0,18,,15,0,
/[?&]select(\x5f|%(25)?5f)interval=[^&]*?%(25)?26/i,51,52,0,0,6,0,52,,,,,,,,,/\s+.*?%.*?%/smi,16,17,0,0,,,0,2,"Yes, possibly"
/[?&]select_interval=[^&]*?([\x60\x3b\x7c\x23\x0a]|[\x3c\x3e\x24]\x28)/i,72,73,0,0,2,0,8,,,,,,,,,filename=[^\n]*\x2eexe,22,30,0,0,12,,61,0,
\x2e__defineSetter__\x28\s*?[\x22\x27]\x2d1[\x22\x27]\s*?\x2c\s*?function\s*?\x28,81,82,0,0,5,0,10,,,,,,,,,filename=[^\n]*\x2eexe,22,29,0,0,2,,1,0,
\x2e__defineSetter__\x28\s*?[\x22\x27]\x2d1[\x22\x27]\s*?\x2c\s*?function\s*?\x28,81,82,0,0,0,0,1,,,,,,,,,filename=[^\n]*\x2ezip,22,28,0,0,19,,59,0,
/[?&]USERDBDomains\x2eDomainname=[^&]*?([\x27\x22\x3b\x23\x28]|\x2f\x2a|\x2d\x2d)/i,83,84,0,0,3,0,36,,,,,,,,,filename=[^\n]*\x2ezip,22,28,0,0,1,,1,0,
/^.{12}(\x00|\x01)\x00\x00(\x70|\x71)/smi,41,42,0,0,3,0,7,,,,,,,,,/^sendsys\x3a[^\n]{21}/smi,26,27,0,0,16,,60,0,
/exec\s+master/i,16,17,0,0,1,0,3,,,,,,,,,/^senduuname\x3a[^\n]{21}/smi,29,30,0,0,22,,50,0,
/insert\s+into\s+[^\/\\]+/i,27,28,0,0,2,0,165,,,,,,,,,/^version\x3a[^\n]{21}/smi,26,27,0,0,39,,54,0,
/update\s+[^\/\\]+set\s+[^\/\\]+/i,34,35,0,0,,0,,2,"Yes, possibly",,,,,,,/^checkgroups\x3a[^\n]{21}/smi,30,31,0,0,18,,23,0,
/union\s+(all\s+)?select\s+/i,29,30,0,0,2,0,9,,,,,,,,,/^ihave\x3a[^\n]{21}/smi,24,25,0,0,6,,18,0,
/union(%20|\+)+(all(%20|\+)+)?select(%20|\+)/i,46,47,0,0,3,0,23,,,,,,,,,/^sendme\x3a[^\n]{21}/smi,25,26,0,0,9,,20,0,
/insert\s+into\s+[^\/\\]+/i,27,28,0,0,1,0,1,,,,,,,,,/^newgroup\x3a[^\n]{32}/smi,27,28,0,0,8,,33,0,
/update\+[^&\n+]+?(%20|\+)set(%20|\+)/i,39,40,0,0,5,0,101,,,,,,,,,/^rmgroup\x3a[^\n]{32}/smi,26,27,0,0,13,,35,0,
/exec\s+master/i,16,17,0,0,1,0,0,,,,,,,,,"/^takethis.*?Path\x3a.*?[\r]{0,1}?\n[\r]{0,1}\n/si",50,51,0,0,,,0,2,"Yes, possibly"
/(update|exec|insert|union)[^\/\\]*\/\*.*\*\//is,48,49,0,0,2,0,16,,,,,,,,,/\Wfrom=[^\x3b&\n]{100}/si,26,27,0,0,42,,129,0,
/sipark-log-summary\.jsp\?(username|numa(a|b)|type)[^\s]*\s/mi,62,63,0,0,3,0,11,,,,,,,,,filename=[^\n]*\x2exm,21,29,0,0,6,,49,0,
/uuid_from_char\s*?\(\s*?[\x22\x27][^\x22\x27]{37}/smi,54,55,0,0,8,0,31,,,,,,,,,filename=[^\n]*\x2exm,21,29,0,0,0,,1,0,
/exec_sdbinfo\s+[\x26\x3b\x7c\x3e\x3c]/i,40,41,0,0,3,0,3,,,,,,,,,/^file\x3a\x2f\x2f[^\n]{400}/smi,32,33,0,0,225,,909,0,
/select\s+xmlquery\s*\x28\s*(\x27|\x22)[^\x27\x22]{512}/smi,59,60,0,0,497,0,2309,,,,,,,,,/^http\x3a\x2f\x2f[^\n]{400}/smi,32,33,0,0,198,,885,0,
/set\s+ansi_padding\s+off/smi,29,30,0,0,2,0,2,,,,,,,,,/^http\x3a\x2f\x2f[^\n]{400}/smi,32,33,0,0,9,,12,0,
/s\x00e\x00t\x00(\s\x00)+a\x00n\x00s\x00i\x00_\x00p\x00a\x00d\x00d\x00i\x00n\x00g\x00(\s\x00)+o\x00f\x00f\x00/smi,113,114,0,0,3,0,5,,,,,,,,,"setTimeout\x28[\x22\x27][^\x2C]*?\x5cx[\da-f]{2}[^\x2C]*?[\da-f]{2,}\x5cx[\da-f]{2}",83,29,0,0,,,0,2,
/waitfor\s+delay/i,18,19,0,0,1,0,3,,,,,,,,,/^\x3c(REQIMG|RVWCFG)\x3e/ism,29,30,0,0,1,,2,0,
/declare\s+\@[A-Z\d]+\s+varchar/i,33,34,0,0,2,0,4,,,,,,,,,/^.{27}/R,9,10,0,0,5,,9,0,
\x2e__defineSetter__\x28\s*?[\x22\x27]\x2d1[\x22\x27]\s*?\x2c\s*?function\s*?\x28,81,82,0,0,0,0,1,,,,,,,,,/name=[^\r\n]*?\.(mim|uue|uu|b64|bhx|hqx|xxe)/smi,49,50,0,0,9,,330,0,
/(and|or)[\s\x2f\x2A]+1=1/i,27,28,0,0,2,0,2722,,,,,,,,DS4 start,/(name|id|number|total|boundary)=\s*[^\r\n\x3b\s\x2c]{300}/smi,62,63,0,0,441,0,1058,0,
/(and|or)[\s\x2F\x2A]+1=0/i,27,28,0,0,3,0,3,,,,,,,,,/name=[^\r\n]*?\.(mim|uue|uu|b64|bhx|hqx|xxe)/smi,49,50,0,0,20,0,1639,0,
/PHPSESSID=[^\r\n\x26\x3B]*?\x27[^\x27]/i,41,42,0,0,1,0,2,,,,,,,,,/name=\s*[^\r\n\x3b\s\x2c]{300}/smi,35,36,0,0,401,0,1107,0,
/PHPSESSID=[^\r\n\x26\x3B]*?\x22[^\x22\x3B]/i,45,46,0,0,0,0,11,,,,,,,,,"addEventListener\x28[\x22\x27][^\x2C]*?\x5cx[\da-f]{2}[^\x2C]*?[\da-f]{2,}\x5cx[\da-f]{2}",89,29,0,0,,0,,2,
/waitfor%20+delay/i,19,20,0,0,2,0,10,,,,,,,,,/^GET[^s]{432}/sm,17,18,0,0,431,0,1600,0,
/(SELECT|UPDATE|INSERT|%53%45%4C%45%43%54|%55%50%44%41%54%45|%49%4E%53%45%52%54)(%20)+[^\r\n\x26]+--(\x26|$)/i,110,111,0,0,2,0,3,,,,,,,,,/^HEAD[^s]{432}/sm,18,19,0,0,564,0,2877,0,
/(%53%45%4C%45%43%54|%55%50%44%41%54%45|%49%4E%53%45%52%54|%73%65%6C%65%63%74|%75%70%64%61%74%65|%69%6E%73%65%72%74)(%20)+[^\r\n\x26]+%2D%2D/i,142,143,0,0,,0,,2,"Yes, possibly",,,,,,,/^PUT[^s]{432}/sm,17,18,0,0,693,0,2584,0,
/\?\w.*?\[\w.*?\[\w.*?\]\]=/smi,31,32,0,0,,0,,2,"Yes, possibly",,,,,,,/^POST[^s]{432}/sm,18,19,0,0,309,0,1408,0,
/update%20[^&\n+]+?(%20|\+)set(%20|\+)/i,40,41,0,0,3,0,104,,,,,,,,,/^TRACE[^s]{432}/sm,19,20,0,0,292,0,1338,0,
/or[\s\x2f\x2A]+1=1/i,21,22,0,0,1,0,1,,,,,,,,,/^DELETE[^s]{432}/sm,20,21,0,0,267,0,1588,0,
"/uid=\s?\D{1,3}/i",17,18,0,0,1,0,28,,,,,,,,,/^LOCK[^s]{432}/sm,18,19,0,0,259,0,1346,0,
"/uid=\s?\D{1,3}/i",17,18,0,0,0,0,1,,,,,,,,,/^MKCOL[^s]{432}/sm,19,20,0,0,323,0,1380,0,
/or\++1%3D1/i,13,14,0,0,1,0,2,,,,,,,,,/^COPY[^s]{432}/sm,18,19,0,0,418,0,1812,0,
/pagina=[^&]*\x27/i,19,20,0,0,1,0,3,,,,,,,,,/^MOVE[^s]{432}/sm,18,19,0,0,269,0,1507,0,
/union\s+(all\s+)?select\s+/i,29,30,0,0,2,0,6,,,,,,,,,/--backup-dir\s+\x2e\x2e\x2f/,29,30,0,0,1,0,3,0,
/User-Agent\x3A\x20[^\r\n]*sleep\x28/i,38,39,0,0,2,0,21,,,,,,,,,/^[^\n]* HTTP\x2f(0\.9|1\.[01])\s*\n/i,38,39,0,0,4,0,95,0,
/^.{4}\x85\xA2\xBF\x01\x00\x00\x00\x01\x21\x00{23}[^\x00]+\x00(\xFE|\xFF)/i,75,76,0,0,6,0,24,,,,,,,,DS4 end,/^RETR\s[^\n]*?%[^\n]*?%/smi,28,29,,,3,,1093,0,
,0,,,,,,,,,,,,,,201-300,,,,,,,,,,
,0,,,,,,,,,,,,,,,,,,,,,,,,
,0,,,,,,,,,,,,,,,,,,,,,,,,
,0,,,,,,,,,,,,,,,,,,,,,,,,
,0,,,,,,,,,,,,,,,,,,,,,,,,
,0,,,,,,,,,,,,,,,,,,,,,,,,
,0,,,,,,,,,,,,,,,,,,,,,,,,
,0,,,,,,,,,,,,,,,,,,,,,,,,
,0,,,,,,,,,,,,,,,,,,,,,,,,
,0,,,,,,,,,,,,,,,,,,,,,,,,
,0,,,,,,,,,,,,,,,,,,,,,,,,
,0,,,,,,,,,,,,,,,,,,,,,,,,
,0,,,,,,,,,,,,,,,,,,,,,,,,
,0,,,,,,,,,,,,,,,,,,,,,,,,